{
  "version": 1,
  "author": "Varun raj.P",
  "editor": "wokwi",
  "parts": [
    { "type": "wokwi-arduino-uno", "id": "uno", "top": 96.6, "left": -135, "attrs": {} },
    {
      "type": "wokwi-led",
      "id": "led1",
      "top": -42,
      "left": 3.8,
      "attrs": { "color": "red", "flip": "" }
    },
    {
      "type": "wokwi-pushbutton",
      "id": "btn1",
      "top": -41.8,
      "left": 192,
      "attrs": { "color": "green", "xray": "1" }
    },
    {
      "type": "wokwi-resistor",
      "id": "r1",
      "top": 52.8,
      "left": -29.35,
      "rotate": 90,
      "attrs": { "value": "220000" }
    }
  ],
  "connections": [
    [ "led1:C", "uno:13", "green", [ "v144", "h-9.2" ] ],
    [ "led1:A", "r1:1", "black", [ "v28.8", "h38.4" ] ],
    [ "r1:2", "uno:GND.1", "black", [ "h0" ] ],
    [ "btn1:1.l", "uno:2", "green", [ "h0" ] ],
    [ "btn1:2.r", "uno:5V", "red", [ "h19.4", "v317", "h-240" ] ],
    [ "btn1:2.l", "uno:GND.2", "black", [ "h-19.2", "v0.2", "h0", "v336", "h-115.2", "v-38.4" ] ]
  ],
  "dependencies": {}
}